{
  "expertA": "backbone.layers.1.mixer.experts.0.up_proj.weight",
  "expertB": "backbone.layers.1.mixer.experts.1.up_proj.weight",
  "numel": 4988928,
  "lzma_raw_A_bpw": 11.481834975369457,
  "lzma_delta_AB_bpw": 12.246337489737273,
  "lzma_absdelta_AB_bpw": 11.040832820197044,
  "sorted_delta_lzma_bpw_NOPERM": 0.037305008210180624,
  "frac_identical_sorted": 0.0147584811807266,
  "lzma_hi_raw_A_bpw": 3.136372383004926,
  "lzma_hi_delta_AB_bpw": 3.556746459359606
}