{
  "conditions": [
    "bf16",
    "int8",
    "int4",
    "u4d8",
    "u8d4",
    "last6_int8",
    "even6_int8"
  ],
  "moe_layers": [
    1,
    3,
    6,
    8,
    10,
    13,
    15,
    17,
    20,
    22,
    24,
    27,
    29,
    31,
    34,
    36,
    38,
    40,
    43,
    45,
    47,
    49,
    51
  ],
  "last6_int8_layers": [
    40,
    43,
    45,
    47,
    49,
    51
  ],
  "even6_int8_layers": [
    1,
    10,
    20,
    29,
    40,
    51
  ],
  "n_items_total": 25,
  "n_short_prompts": 25,
  "n_heldout_passages": 0,
  "n_predicted_positions_short": 181,
  "effective_expert_bits": {
    "bf16": 16.0,
    "int8": 8.125,
    "int4": 4.125,
    "u4d8": 6.125,
    "u8d4": 6.125,
    "last6_int8": 5.1685,
    "even6_int8": 5.1685
  },
  "implied_resident_vram_gb": {
    "bf16": 59.16,
    "int8": 32.21,
    "int4": 18.52,
    "u4d8": 25.36,
    "u8d4": 25.36,
    "last6_int8": 22.09,
    "even6_int8": 22.09
  },
  "corpus_ppl_short": {
    "bf16": 11.8401,
    "int8": 11.8657,
    "int4": 11.8574,
    "u4d8": 11.4799,
    "u8d4": 12.0426,
    "last6_int8": 11.9348,
    "even6_int8": 12.043
  },
  "corpus_ppl_heldout": {
    "bf16": NaN,
    "int8": NaN,
    "int4": NaN,
    "u4d8": NaN,
    "u8d4": NaN,
    "last6_int8": NaN,
    "even6_int8": NaN
  },
  "kl_spread": {
    "int8": {
      "n": 181,
      "mean": 0.00031116101308725774,
      "std": 0.0009773251367732882,
      "median": 5.131525540491566e-05,
      "p90": 0.0007299078861251473,
      "p99": 0.002617296064272523,
      "max": 0.011646833270788193
    },
    "int4": {
      "n": 181,
      "mean": 0.07206623256206512,
      "std": 0.19685059785842896,
      "median": 0.01632714830338955,
      "p90": 0.21862825751304626,
      "p99": 1.024976372718811,
      "max": 1.5921581983566284
    },
    "u4d8": {
      "n": 181,
      "mean": 0.055853597819805145,
      "std": 0.1836257427930832,
      "median": 0.0076936883851885796,
      "p90": 0.15506792068481445,
      "p99": 1.2042328119277954,
      "max": 1.2042348384857178
    },
    "u8d4": {
      "n": 181,
      "mean": 0.013287831097841263,
      "std": 0.013948116451501846,
      "median": 0.009789361618459225,
      "p90": 0.027661146596074104,
      "p99": 0.060978036373853683,
      "max": 0.09751936793327332
    },
    "last6_int8": {
      "n": 181,
      "mean": 0.05993935838341713,
      "std": 0.15237392485141754,
      "median": 0.012135172262787819,
      "p90": 0.2096596658229828,
      "p99": 0.9061099886894226,
      "max": 0.9061118960380554
    },
    "even6_int8": {
      "n": 181,
      "mean": 0.07525530457496643,
      "std": 0.2225252091884613,
      "median": 0.014023981988430023,
      "p90": 0.21891725063323975,
      "p99": 1.3143025636672974,
      "max": 1.623307228088379
    }
  },
  "kl_by_category": {
    "facts": {
      "int8": 0.000328,
      "int4": 0.064063,
      "u4d8": 0.041539,
      "u8d4": 0.013334,
      "last6_int8": 0.051516,
      "even6_int8": 0.06214
    },
    "reasoning": {
      "int8": 0.000267,
      "int4": 0.093036,
      "u4d8": 0.093359,
      "u8d4": 0.013166,
      "last6_int8": 0.082008,
      "even6_int8": 0.109618
    }
  },
  "top1_agreement_pct": {
    "int8": 100.0,
    "int4": 93.37,
    "u4d8": 93.923,
    "u8d4": 96.685,
    "last6_int8": 95.028,
    "even6_int8": 95.028
  },
  "router_overlap_frac": {
    "int8": 0.9922,
    "int4": 0.9339,
    "u4d8": 0.9549,
    "u8d4": 0.937,
    "last6_int8": 0.9341,
    "even6_int8": 0.9359
  },
  "generation_drift": {
    "int4": [],
    "u4d8": [],
    "u8d4": [],
    "last6_int8": [],
    "even6_int8": []
  },
  "seconds_this_run": 1598.0,
  "peak_rss_gb": 10.79
}