{
  "n_items_total": 77,
  "n_short_prompts": 75,
  "n_heldout_passages": 2,
  "n_predicted_positions_short": 898,
  "categories": {
    "dialogue": 10,
    "facts": 20,
    "code": 12,
    "reasoning": 15,
    "instructions": 12,
    "multisent": 6
  },
  "corpus_ppl_short": {
    "bf16": 7.9874,
    "int8": 7.9973,
    "int4": 8.6904
  },
  "corpus_ppl_heldout": {
    "bf16": 3.0243,
    "int8": 2.9684,
    "int4": 3.4403
  },
  "heldout_ppl_per_passage": {
    "heldout_austen_1": {
      "bf16": 1.4147,
      "int8": 1.3969,
      "int4": 1.51
    },
    "heldout_austen_2": {
      "bf16": 7.6857,
      "int8": 7.488,
      "int4": 9.4538
    }
  },
  "kl_spread": {
    "int8": {
      "n": 898,
      "mean": 0.0013122190721333027,
      "std": 0.007031003013253212,
      "median": 0.0001553400361444801,
      "p90": 0.0026301697362214327,
      "p99": 0.012047715485095978,
      "max": 0.17970454692840576
    },
    "int4": {
      "n": 898,
      "mean": 0.08946306258440018,
      "std": 0.40501895546913147,
      "median": 0.015521912835538387,
      "p90": 0.08382975310087204,
      "p99": 1.6086632013320923,
      "max": 5.409762859344482
    }
  },
  "kl_by_category": {
    "facts": {
      "int8": 0.000328,
      "int4": 0.064063
    },
    "reasoning": {
      "int8": 0.000569,
      "int4": 0.095597
    },
    "code": {
      "int8": 0.001884,
      "int4": 0.132589
    },
    "instructions": {
      "int8": 0.00136,
      "int4": 0.135478
    },
    "dialogue": {
      "int8": 0.002982,
      "int4": 0.117327
    },
    "multisent": {
      "int8": 0.000989,
      "int4": 0.043604
    }
  },
  "top1_agreement_pct": {
    "int8": 99.22,
    "int4": 90.869
  },
  "router_overlap_frac": {
    "int8": 0.988,
    "int4": 0.9265
  },
  "generation_drift_int4": [
    {
      "text_head": "The old house stood at the end of the lane, its windows dark",
      "n_pred": 43,
      "diverge": [
        {
          "pos": 31,
          "ctx": ", but every night a",
          "bf16": " faint",
          "int4": " light"
        }
      ],
      "n_diverge": 1
    },
    {
      "text_head": "Machine learning models learn patterns from data. When given",
      "n_pred": 35,
      "diverge": [
        {
          "pos": 0,
          "ctx": "Machine",
          "bf16": " Learning",
          "int4": "**"
        },
        {
          "pos": 1,
          "ctx": "Machine learning",
          "bf16": " is",
          "int4": " ("
        },
        {
          "pos": 18,
          "ctx": " can make predictions about new",
          "bf16": " cases",
          "int4": ","
        }
      ],
      "n_diverge": 3
    },
    {
      "text_head": "She opened the letter with trembling hands. The words on the",
      "n_pred": 38,
      "diverge": [
        {
          "pos": 0,
          "ctx": "She",
          "bf16": "\u2019s",
          "int4": " is"
        },
        {
          "pos": 3,
          "ctx": "She opened the letter",
          "bf16": ",",
          "int4": "."
        },
        {
          "pos": 14,
          "ctx": " on the page changed everything",
          "bf16": ".",
          "int4": " she"
        },
        {
          "pos": 19,
          "ctx": " she thought she knew about",
          "bf16": " her",
          "int4": " herself"
        },
        {
          "pos": 37,
          "ctx": " had been hiding a secret",
          "bf16": " for",
          "int4": " that"
        }
      ],
      "n_diverge": 5
    },
    {
      "text_head": "The recipe calls for two cups of flour, one cup of sugar, an",
      "n_pred": 44,
      "diverge": [
        {
          "pos": 4,
          "ctx": "The recipe calls for two",
          "bf16": " cups",
          "int4": " eggs"
        }
      ],
      "n_diverge": 1
    },
    {
      "text_head": "Climate change is driven by the accumulation of greenhouse g",
      "n_pred": 39,
      "diverge": [
        {
          "pos": 0,
          "ctx": "Cl",
          "bf16": "2",
          "int4": " ("
        },
        {
          "pos": 10,
          "ctx": " the accumulation of greenhouse gases",
          "bf16": " (",
          "int4": " in"
        },
        {
          "pos": 36,
          "ctx": " without significant action, the",
          "bf16": " consequences",
          "int4": " frequency"
        }
      ],
      "n_diverge": 3
    },
    {
      "text_head": "In the beginning, the company was just two people working ou",
      "n_pred": 44,
      "diverge": [
        {
          "pos": 6,
          "ctx": " beginning, the company was",
          "bf16": " called",
          "int4": " just"
        },
        {
          "pos": 18,
          "ctx": " garage. They had a",
          "bf16": " big",
          "int4": " dream"
        },
        {
          "pos": 25,
          "ctx": " but no money and no",
          "bf16": " fancy",
          "int4": " connections"
        },
        {
          "pos": 27,
          "ctx": " money and no customers.",
          "bf16": " They",
          "int4": " But"
        },
        {
          "pos": 37,
          "ctx": " through hard work and a",
          "bf16": " few",
          "int4": " bit"
        }
      ],
      "n_diverge": 5
    }
  ],
  "seconds_this_run": 2547.6,
  "peak_rss_gb": 10.87
}